{"municipality": "Dronning Maud Land", "municipalityNumber": "N/A", "station": "Troll", "components": [{"component": "O3", "unit": "\u00b5g/m\u00b3", "values": [{"year": 2012, "validHours": 8739.0, "aggregated": 462583.9281259988, "value": 52.93327933699494, "isValid": true}, {"year": 2013, "validHours": 8144.0, "aggregated": 454988.5435379989, "value": 55.8679449334478, "isValid": true}, {"year": 2014, "validHours": 474.0, "aggregated": 16779.159312999996, "value": 35.39907028059071, "isValid": false}]}]}