{"municipality": "B\u00e6rum", "municipalityNumber": "0219", "station": "B\u00e6rum Golfklubb", "components": [{"component": "O3", "unit": "\u00b5g/m\u00b3", "values": [{"year": 2019, "validHours": 150.0, "aggregated": 2612.040561, "value": 17.41360374, "isValid": false}, {"year": 2020, "validHours": 8227.0, "aggregated": 398691.58392799925, "value": 48.46135698650775, "isValid": true}, {"year": 2021, "validHours": 8554.0, "aggregated": 430077.024750999, "value": 50.27788458627531, "isValid": true}, {"year": 2022, "validHours": 4182.0, "aggregated": 251388.6219009999, "value": 60.1120568868962, "isValid": false}]}]}